lam,mu
1.6513085943711356,2.37732879054551
