lam,mu
1.0671145701449667,1.9646989630390466
